domain,name,description,website,category,pricing,logo,source
futurepedia.io,"Find The Best AI Tools & Software, Futurepedia.io","Futurepedia is a free site to help you find the best AI tools and software to make your work and life more efficient and productive. Updated daily, join millions of followers of our website, newsletter, and YouTube.",https://futurepedia.io/,,,https://futurepedia.io/favicon.ico,futurepedia
tiktok.com,AI Resources - Boost Your Knowledge & Understanding,,https://tiktok.com/,,,,futurepedia
nvidia.com,World Leader in AI Computing,"NVIDIA invents the GPU and drives advances in AI, HPC, gaming, creative design, autonomous vehicles, and robotics.",https://nvidia.com/,Gpu,,https://nvidia.com/favicon.ico,futurepedia
adcreative.ai,Your AI Powerhouse for All Advertising Needs,"AdCreative.ai empowers your advertising with AI. Generate conversion-focused ad creatives, utilize AI for product photoshoots, and access detailed competitor insights. Our platform offers a comprehensive suite of tools for creating impactful ad texts and visuals, ensuring your ca",https://adcreative.ai/,,,https://cdn.prod.website-files.com/661ce890f68a1d352ebbed35/66aa46775426ae4873c2f43c_32.png,futurepedia
inforegulator.org.za,Home -,POPIA FORMS PAIA FORMS Contact About the Regulator The Information Regulator (South Africa) is an independent body established in terms of section 39 of the Protection of Personal Information Act 4 of 2013. It is subject only to the law and the constitution and it is accountable,https://inforegulator.org.za/,,,https://i0.wp.com/inforegulator.org.za/wp-content/uploads/2020/07/cropped-main-logo-1.png?fit=192%2C192&quality=80&ssl=1,futurepedia
britannica.com,Encyclopedia Britannica | Britannica,"Explore the fact-checked online encyclopedia from Encyclopaedia Britannica with hundreds of thousands of objective articles, biographies, videos, and images from experts.",https://britannica.com/,Britannica,,https://britannica.com/favicon.png,futurepedia
openai.com,The Ultimate LLM Comparison: Which Is Right For You?,,https://openai.com/,,,,futurepedia
amazon.com,Amazon.com,,https://amazon.com/,,,https://amazon.com/favicon.ico,futurepedia
copy.ai,Future proof your business with GTM AI,"Introducing the first-ever GTM AI platform. Automate hundreds of tedious, repetitive tasks and empower your team to scale success like never before.",https://copy.ai/,,,https://cdn.prod.website-files.com/628288c5cd3e8411b90a36a4/6793eea386b5ac27242bb8eb_favicon_32x32px%20(1).png,futurepedia
mixo.io,Launch awebsitein seconds withAI.,“Mixo's the fastest way to launch a website. It's simply mind-blowing.”,https://mixo.io/,,,https://mixo.io/apple-touch-icon.png,futurepedia
chefgpt.xyz,ChefGPT | AI Recipe Generator | Your AI-Powered Personal Chef,Never Worry About What's for Dinner Again! Simply input the ingredients in your pantry and let ChefGPT generate a delicious recipe for you using AI.,https://chefgpt.xyz/,,,https://chefgpt.xyz/assets/images/favicon/apple-touch-icon.png,futurepedia
profilepicture.ai,AI Profile Picture Generator and Maker | PFP.AI,"Your profile picture is the first thing people see when they look at your profile. We use artificial intelligence to generate an image of you that looks perfect and captures who you are. You can be anything, anywhere, or anyone!",https://profilepicture.ai/,,,https://profilepicture.ai/favicon.ico,futurepedia
grsm.io,Grsm,,https://grsm.io/,,,https://grsm.io/favicon.ico,futurepedia
sobrief.com,"SoBrief: 73,530 Free Book Summaries | Audio, PDF & EPUB",Read any book in 10 minutes. 100% free to read. Fiction and non-fiction summaries. Audio in 40 languages. World's largest summary catalog. Read Top 100 Books of All Time. Free PDF/EPUB downloads. No sign-up needed.,https://sobrief.com/,,,https://images.sobrief.com/public/logo-circle-lines-32.png,futurepedia
magicstudio.com,Magic Studio : Make beautiful images with AI,"With Magic Studio anybody can use AI to create images, add & remove objects, backgrounds and more. Make beautiful images for product pages, ads & social media.",https://magicstudio.com/,,,https://magicstudio.com/apple-touch-icon.png,futurepedia
taskade.com,Autonomous AI Agents & Workflow Automation,"Meet your AI workforce with Taskade! Build, train, and deploy AI agents that think, learn, and act—ready to plan, research, and complete tasks alongside your team. Unlock agentic workflows where humans and AI collaborate to boost productivity 10X. Automate tasks and turn insights",https://taskade.com/,,,https://taskade.com/favicon.ico,futurepedia
writesonic.com,Writesonic - AI Search Visibility & AI SEO Automation Platform,"Track your brandâs AI visibility across ChatGPT, Perplexity & Google AI Overviews using GEO. Plus AI agents that automate SEO workflows and content creation. Start free.",https://writesonic.com/,,,https://cdn.prod.website-files.com/671f9e6bc06267864b5770e6/6724adfb8d5118301f18f599_3232.png,futurepedia
synthesia.io,Free AI Video Generator - Create AI Videos in 140 Languages,Create AI generated videos from text with the most advanced AI avatars and voiceovers in 140+ languages. Try our free AI video generator now!,https://synthesia.io/,,,https://cdn.prod.website-files.com/65e89895c5a4b8d764c0d710/664f0f482fa5a4d527d892bc_Favicon-Web-Security%201.png,futurepedia
i384100.net,AI Education Assistant Tools & Software of 2025,,https://i384100.net/,,,,futurepedia
rytr.me,"Free AI Writer, Content Generator & Writing Assistant | Rytr","Discover Rytr, your free AI writing assistant. Craft high-quality content faster than ever before. Start for free and upgrade as you grow!",https://rytr.me/,,,https://rytr.me/wp-content/uploads/2024/01/cropped-favicon-192x192.png,futurepedia
blaze.ai,Blaze | AI That Does Marketing For You,"Produce blog posts, social media content, ad copy, and marketing briefs - all in your brand voice.",https://blaze.ai/,,,https://cdn.prod.website-files.com/64cd367074be316f3359db61/64e4f3e6e02e498591596ccc_Frame%209350.png,futurepedia
magicform.ai,MagicForm AI  | Home,"Supercharge your top of funnel with a 24/7 AI that qualifies, converts, and follows up with leads.",https://magicform.ai/,,,https://cdn.prod.website-files.com/649774a12b64bd58bcf9b112/67698c56b85d917b099f9f46_MagicForm-Logo-Favicon.png,futurepedia
sidenty.com,Sidenty - Secure your digital identity by professionals,"Sidenty safeguards your digital identity, enforces copyright, and protects your online presence for content creators and businesses.",https://sidenty.com/,,,https://sidenty.com/storage/2025/03/cropped-Sidenty-2025-1-192x192.png,toolify
twitter.com,JavaScript is not available.,We’ve detected that JavaScript is disabled in this browser. Please enable JavaScript or switch to a supported browser to continue using x.com. You can see a list of supported browsers in our Help Center.,https://twitter.com/,,,https://abs.twimg.com/responsive-web/client-web-legacy/icon-ios.77d25eba.png,toolify
junia.ai,Junia AI - #1 AI Writer for SEO & Content Generation,"Junia AI is the best AI writer for SEO and on-brand long-form content! Generate in-depth, plagiarism-free content that ranks on Google. Ready to win the SEO game?",https://junia.ai/,,,https://junia.ai/favicon.png,toolify
dabblewriter.com,Dabble | Craft your Story,"Dabble is an easy-to-use online writing tool, packed with helpful features that allow beginning novelists and published authors to create amazing stories.",https://dabblewriter.com/,,,https://cdn.prod.website-files.com/61a901161719c64106fde73b/61ae651930ece3391f5c69fd_5c47a7047febe4a67877c8be_favicon.png,toolify
submagic.co,Best Caption & Subtitle Generator & Viral Shorts Maker ð¥,"Submagic makes your short-form videos captivating with AI captions, b-rolls, and smart edits. Save time and grow your social media reach effortlessly.",https://submagic.co/,,,https://cdn.prod.website-files.com/6469e2294ac68c3d5caea327/649ece3d4eda352389d58043_Icon%20And%20Favicon%400.5x.png,toolify
